{
  "accuracy": 0.9047619047619048,
  "win_rate": 0.9047619047619048,
  "profit": 0.17,
  "total_trades": 21,
  "correct_trades": 19,
  "timestamp": "2025-03-27T10:14:25.477454"
}