{
  "win_rate": [
    1.0
  ],
  "profit": [
    0.0054878016095201015
  ],
  "accuracy": [
    1.0
  ],
  "drawdown": [
    0
  ],
  "sharpe_ratio": [
    4.420817559254053
  ],
  "timestamp": [
    "2025-03-27T10:40:28.175978"
  ]
}